SET client_encoding='utf-8';

INSERT INTO klient (imie, nazwisko, email, telefon) VALUES ('Małgorzata','Kuśmierek', NULL, '5056252840');
INSERT INTO klient (imie, nazwisko, email, telefon) VALUES ('Jan','Chodkiewicz', NULL, '6126240860');
INSERT INTO klient (imie, nazwisko, email, telefon) VALUES ('Jadwiga','Szczęsna', NULL, '6936243741');
INSERT INTO klient (imie, nazwisko, email, telefon) VALUES ('Bernard','Łukowski', NULL, '586230799');
INSERT INTO klient (imie, nazwisko, email, telefon) VALUES ('Jan','Soroczyński', NULL, '5053090788');
INSERT INTO klient (imie, nazwisko, email, telefon) VALUES ('Marzena', 'Niezabitowska-Nasiadko', 'mnasiadko@gmail.com', '6123099102');
INSERT INTO klient (imie, nazwisko, email, telefon) VALUES ('Agnieszka', 'Kołak', 'akolak@wp.pl', NULL);
INSERT INTO klient (imie, nazwisko, email, telefon) VALUES ('Ewa', 'Hałasa', 'ehalasa@wp.pl', '583483240');
INSERT INTO klient (imie, nazwisko, email, telefon) VALUES ('Andrzej', 'Sosnowy', NULL, '583467184');
INSERT INTO klient (imie, nazwisko, email, telefon) VALUES ('Barbara', 'Songin', 'bsongin@interia.pl', NULL);
INSERT INTO klient (imie, nazwisko, email, telefon) VALUES ('Urszula', 'Wróblewicz-Terlecka', 'wterlecka@wp.pl', NULL);
INSERT INTO klient (imie, nazwisko, email, telefon) VALUES ('Bogdan', 'Soroczyński', 'sorcz@wp.pl', '585553161');
INSERT INTO klient (imie, nazwisko, email, telefon) VALUES ('Wiesława', 'Lutomska-Cudny', NULL, '601622788');
INSERT INTO klient (imie, nazwisko, email, telefon) VALUES ('Wojciech', 'Miszke', 'wmiszke@gmail.com', NULL);
INSERT INTO klient (imie, nazwisko, email, telefon) VALUES ('Marcin', 'Zaorski', 'mzaorski@wp.pl', NULL);
INSERT INTO klient (imie, nazwisko, email, telefon) VALUES ('Grażyna', 'Wiśniewska', 'grazwis@wp.pl', '5055362237');

INSERT INTO model (nazwa) VALUES ('Iphone 8');
INSERT INTO model (nazwa) VALUES ('Iphone XS');
INSERT INTO model (nazwa) VALUES ('Iphone 11');
INSERT INTO model (nazwa) VALUES ('Samsung A10');
INSERT INTO model (nazwa) VALUES ('Samsung S20');
INSERT INTO model (nazwa) VALUES ('Samsung S20 Plus');
INSERT INTO model (nazwa) VALUES ('Huawei Y7');
INSERT INTO model (nazwa) VALUES ('Huawei P30');
INSERT INTO model (nazwa) VALUES ('Huawei P20');
INSERT INTO model (nazwa) VALUES ('Xiaomi Mi9');
INSERT INTO model (nazwa) VALUES ('Xiaomi Redmi Note 8');
INSERT INTO model (nazwa) VALUES ('Xiaomi Mi10 Pro');
INSERT INTO model (nazwa) VALUES ('Iphone X');
INSERT INTO model (nazwa) VALUES ('Sony Xperia 10');
INSERT INTO model (nazwa) VALUES ('Sony Xperia 11');
INSERT INTO model (nazwa) VALUES ('Samsung S10 Pro');

INSERT INTO telefon (klient_id, model_id, data_oddania, data_odbioru) VALUES (1, 2, '2019-12-18', '2019-12-25');
INSERT INTO telefon (klient_id, model_id, data_oddania, data_odbioru) VALUES (2, 3, '2020-01-06', '2020-01-12');
INSERT INTO telefon (klient_id, model_id, data_oddania, data_odbioru) VALUES (2, 5, '2020-01-21', '2020-02-01');
INSERT INTO telefon (klient_id, model_id, data_oddania, data_odbioru) VALUES (3, 2, '2020-02-04', '2020-02-11');
INSERT INTO telefon (klient_id, model_id, data_oddania, data_odbioru) VALUES (4, 8, '2020-02-19', '2020-02-25');
INSERT INTO telefon (klient_id, model_id, data_oddania, data_odbioru) VALUES (5, 11, '2020-03-01', '2020-03-04');
INSERT INTO telefon (klient_id, model_id, data_oddania, data_odbioru) VALUES (6, 7, '2020-03-11', '2020-03-18');
INSERT INTO telefon (klient_id, model_id, data_oddania, data_odbioru) VALUES (7, 1, '2020-03-11', '2020-03-21');
INSERT INTO telefon (klient_id, model_id, data_oddania, data_odbioru) VALUES (8, 9, '2020-03-12', '2020-03-16');
INSERT INTO telefon (klient_id, model_id, data_oddania, data_odbioru) VALUES (9, 10, '2020-03-20', '2020-03-24');
INSERT INTO telefon (klient_id, model_id, data_oddania, data_odbioru) VALUES (10, 15, '2020-03-24', '2020-03-27');
INSERT INTO telefon (klient_id, model_id, data_oddania, data_odbioru) VALUES (11, 14, '2020-04-12', NULL);
INSERT INTO telefon (klient_id, model_id, data_oddania, data_odbioru) VALUES (12, 13, '2020-04-10', NULL);
INSERT INTO telefon (klient_id, model_id, data_oddania, data_odbioru) VALUES (13, 12, '2020-04-18', NULL);
INSERT INTO telefon (klient_id, model_id, data_oddania, data_odbioru) VALUES (14, 4, '2020-04-20', NULL);
INSERT INTO telefon (klient_id, model_id, data_oddania, data_odbioru) VALUES (15, 7, '2020-04-20', NULL);
INSERT INTO telefon (klient_id, model_id, data_oddania, data_odbioru) VALUES (16, 8, '2020-04-24', NULL);
INSERT INTO telefon (klient_id, model_id, data_oddania, data_odbioru) VALUES (16, 10, '2020-04-24', NULL);

INSERT INTO rodzaj_usterki (nazwa) VALUES ('pękniety ekran');
INSERT INTO rodzaj_usterki (nazwa) VALUES ('zepsuta bateria');
INSERT INTO rodzaj_usterki (nazwa) VALUES ('zepsute wejście ładowania');
INSERT INTO rodzaj_usterki (nazwa) VALUES ('zepsute wyjście słuchawkowe');
INSERT INTO rodzaj_usterki (nazwa) VALUES ('pęknięta obudowa');
INSERT INTO rodzaj_usterki (nazwa) VALUES ('zepusty aparat');

INSERT INTO usterka (telefon_id, rodzaj) VALUES (1, 1);
INSERT INTO usterka (telefon_id, rodzaj) VALUES (2, 1);
INSERT INTO usterka (telefon_id, rodzaj) VALUES (3, 2);
INSERT INTO usterka (telefon_id, rodzaj) VALUES (4, 5);
INSERT INTO usterka (telefon_id, rodzaj) VALUES (4, 3);
INSERT INTO usterka (telefon_id, rodzaj) VALUES (5, 1);
INSERT INTO usterka (telefon_id, rodzaj) VALUES (6, 2);
INSERT INTO usterka (telefon_id, rodzaj) VALUES (7, 4);
INSERT INTO usterka (telefon_id, rodzaj) VALUES (8, 5);
INSERT INTO usterka (telefon_id, rodzaj) VALUES (9, 5);
INSERT INTO usterka (telefon_id, rodzaj) VALUES (10, 3);
INSERT INTO usterka (telefon_id, rodzaj) VALUES (11, 2);
INSERT INTO usterka (telefon_id, rodzaj) VALUES (12, 1);
INSERT INTO usterka (telefon_id, rodzaj) VALUES (13, 5);
INSERT INTO usterka (telefon_id, rodzaj) VALUES (14, 6);
INSERT INTO usterka (telefon_id, rodzaj) VALUES (15, 1);
INSERT INTO usterka (telefon_id, rodzaj) VALUES (16, 3);
INSERT INTO usterka (telefon_id, rodzaj) VALUES (17, 4);
INSERT INTO usterka (telefon_id, rodzaj) VALUES (18, 4);
INSERT INTO usterka (telefon_id, rodzaj) VALUES (18, 1);

INSERT INTO pracownik (imie, nazwisko) VALUES ('Marek', 'Nowak');
INSERT INTO pracownik (imie, nazwisko) VALUES ('Zbigniew', 'Mieczyński');
INSERT INTO pracownik (imie, nazwisko) VALUES ('Marcin', 'Kowalski');

INSERT INTO specjalizacja (pracownik_id, rodzaj_id) VALUES (1, 1);
INSERT INTO specjalizacja (pracownik_id, rodzaj_id) VALUES (1, 3);
INSERT INTO specjalizacja (pracownik_id, rodzaj_id) VALUES (1, 5);
INSERT INTO specjalizacja (pracownik_id, rodzaj_id) VALUES (1, 6);
INSERT INTO specjalizacja (pracownik_id, rodzaj_id) VALUES (2, 2);
INSERT INTO specjalizacja (pracownik_id, rodzaj_id) VALUES (2, 3);
INSERT INTO specjalizacja (pracownik_id, rodzaj_id) VALUES (2, 4);
INSERT INTO specjalizacja (pracownik_id, rodzaj_id) VALUES (3, 1);
INSERT INTO specjalizacja (pracownik_id, rodzaj_id) VALUES (3, 2);
INSERT INTO specjalizacja (pracownik_id, rodzaj_id) VALUES (3, 6);
INSERT INTO specjalizacja (pracownik_id, rodzaj_id) VALUES (3, 5);

INSERT INTO naprawa (usterka_id, pracownik_id, koszt, data_rozpoczecia, data_zakonczenia) VALUES (1, 3, 100,'2019-12-18', '2019-12-23');
INSERT INTO naprawa (usterka_id, pracownik_id, koszt, data_rozpoczecia, data_zakonczenia) VALUES (2, 1, 200,'2020-01-06', '2020-01-11');
INSERT INTO naprawa (usterka_id, pracownik_id, koszt, data_rozpoczecia, data_zakonczenia) VALUES (3, 2, 120,'2020-01-22', '2020-02-01');
INSERT INTO naprawa (usterka_id, pracownik_id, koszt, data_rozpoczecia, data_zakonczenia) VALUES (4, 1, 250,'2020-02-05', '2020-02-08');
INSERT INTO naprawa (usterka_id, pracownik_id, koszt, data_rozpoczecia, data_zakonczenia) VALUES (5, 3, 150,'2020-02-05', '2020-02-10');
INSERT INTO naprawa (usterka_id, pracownik_id, koszt, data_rozpoczecia, data_zakonczenia) VALUES (6, 3, 100,'2020-03-01', '2020-03-03');
INSERT INTO naprawa (usterka_id, pracownik_id, koszt, data_rozpoczecia, data_zakonczenia) VALUES (7, 1, 300,'2020-03-13', '2020-03-18');
INSERT INTO naprawa (usterka_id, pracownik_id, koszt, data_rozpoczecia, data_zakonczenia) VALUES (8, 2, 100,'2020-03-14', '2020-03-19');
INSERT INTO naprawa (usterka_id, pracownik_id, koszt, data_rozpoczecia, data_zakonczenia) VALUES (9, 1, 150,'2020-03-12', '2020-03-16');
INSERT INTO naprawa (usterka_id, pracownik_id, koszt, data_rozpoczecia, data_zakonczenia) VALUES (10, 3, 100,'2020-03-21', '2020-03-23');
INSERT INTO naprawa (usterka_id, pracownik_id, koszt, data_rozpoczecia, data_zakonczenia) VALUES (11, 2, 150,'2020-03-25', '2020-03-27');
INSERT INTO naprawa (usterka_id, pracownik_id, koszt, data_rozpoczecia, data_zakonczenia) VALUES (12, 1, 240,'2020-04-15', NULL);
INSERT INTO naprawa (usterka_id, pracownik_id, koszt, data_rozpoczecia, data_zakonczenia) VALUES (13, 3, 90,'2020-04-16', NULL);
INSERT INTO naprawa (usterka_id, pracownik_id, koszt, data_rozpoczecia, data_zakonczenia) VALUES (14, 3, 120,'2020-04-22', NULL);
INSERT INTO naprawa (usterka_id, pracownik_id, koszt, data_rozpoczecia, data_zakonczenia) VALUES (15, 1, 300,'2020-04-23', NULL);
INSERT INTO naprawa (usterka_id, pracownik_id, koszt, data_rozpoczecia, data_zakonczenia) VALUES (16, 1, 200,'2020-04-24', NULL);
INSERT INTO naprawa (usterka_id, pracownik_id, koszt, data_rozpoczecia, data_zakonczenia) VALUES (17, 2, 180,'2020-04-25', NULL);
INSERT INTO naprawa (usterka_id, pracownik_id, koszt, data_rozpoczecia, data_zakonczenia) VALUES (18, 2, 250,'2020-04-26', NULL);
INSERT INTO naprawa (usterka_id, pracownik_id, koszt, data_rozpoczecia, data_zakonczenia) VALUES (19, 2, 150,'2020-04-27', NULL);
INSERT INTO naprawa (usterka_id, pracownik_id, koszt, data_rozpoczecia, data_zakonczenia) VALUES (20, 3, 200,'2020-04-28', NULL);

INSERT INTO czesc_zamienna (model_id, rodzaj, cena, naprawa_id) VALUES (2,'ekran LCD',400,1);
INSERT INTO czesc_zamienna (model_id, rodzaj, cena, naprawa_id) VALUES (3,'ekran LCD',450,2);
INSERT INTO czesc_zamienna (model_id, rodzaj, cena, naprawa_id) VALUES (5,'bateria',150,3);
INSERT INTO czesc_zamienna (model_id, rodzaj, cena, naprawa_id) VALUES (2,'obudowa',200,4);
INSERT INTO czesc_zamienna (model_id, rodzaj, cena, naprawa_id) VALUES (8,'ekran LCD',200,6);
INSERT INTO czesc_zamienna (model_id, rodzaj, cena, naprawa_id) VALUES (11,'bateria',100,7);
INSERT INTO czesc_zamienna (model_id, rodzaj, cena, naprawa_id) VALUES (1,'obudowa',150,9);
INSERT INTO czesc_zamienna (model_id, rodzaj, cena, naprawa_id) VALUES (2,'gniazdo ładowania',50,5);
INSERT INTO czesc_zamienna (model_id, rodzaj, cena, naprawa_id) VALUES (9,'obudowa',120,10);
INSERT INTO czesc_zamienna (model_id, rodzaj, cena, naprawa_id) VALUES (15,'bateria',100,12);
INSERT INTO czesc_zamienna (model_id, rodzaj, cena, naprawa_id) VALUES (14,'ekran LCD',200,13);
INSERT INTO czesc_zamienna (model_id, rodzaj, cena, naprawa_id) VALUES (12,'moduł aparatu',150, 15);
INSERT INTO czesc_zamienna (model_id, rodzaj, cena, naprawa_id) VALUES (11,'pasta termoprzewodząca',20,7);
INSERT INTO czesc_zamienna (model_id, rodzaj, cena, naprawa_id) VALUES (15,'pasta termoprzewodząca',30,12);
